Grade,Subject Group,Subject,Module,Unit,Lesson,Subtopic
มัธยมปลาย,วิทยาศาสตร์,ฟิสิกส์,กลุ่มกลศาสตร์,ธรรมชาติและพัฒนาการทางฟิสิกส์,ธรรมชาติฟิสิกส์,การค้นคว้าหาความรู้ทางฟิสิกส์
มัธยมปลาย,วิทยาศาสตร์,ฟิสิกส์,กลุ่มกลศาสตร์,ธรรมชาติและพัฒนาการทางฟิสิกส์,ธรรมชาติฟิสิกส์,พัฒนาการของหลักการและแนวคิดทางฟิสิกส์
มัธยมปลาย,วิทยาศาสตร์,ฟิสิกส์,กลุ่มกลศาสตร์,ธรรมชาติและพัฒนาการทางฟิสิกส์,ธรรมชาติฟิสิกส์,การแสวงหาความรู้ใหม่และพัฒนาเทคโนโลยี
มัธยมปลาย,วิทยาศาสตร์,ฟิสิกส์,กลุ่มกลศาสตร์,ธรรมชาติและพัฒนาการทางฟิสิกส์,การวัดและรายงานผลการวัดปริมาณทางฟิสิกส์,หน่วยในระบบ SI
มัธยมปลาย,วิทยาศาสตร์,ฟิสิกส์,กลุ่มกลศาสตร์,ธรรมชาติและพัฒนาการทางฟิสิกส์,การวัดและรายงานผลการวัดปริมาณทางฟิสิกส์,สัญกรณ์วิทยาศาสตร์
มัธยมปลาย,วิทยาศาสตร์,ฟิสิกส์,กลุ่มกลศาสตร์,ธรรมชาติและพัฒนาการทางฟิสิกส์,การวัดและรายงานผลการวัดปริมาณทางฟิสิกส์,การแปลงหน่วย
มัธยมปลาย,วิทยาศาสตร์,ฟิสิกส์,กลุ่มกลศาสตร์,ธรรมชาติและพัฒนาการทางฟิสิกส์,การวัดและรายงานผลการวัดปริมาณทางฟิสิกส์,เลขนัยสำคัญ
มัธยมปลาย,วิทยาศาสตร์,ฟิสิกส์,กลุ่มกลศาสตร์,ธรรมชาติและพัฒนาการทางฟิสิกส์,การวัดและรายงานผลการวัดปริมาณทางฟิสิกส์,ความคลาดเคลื่อน
มัธยมปลาย,วิทยาศาสตร์,ฟิสิกส์,กลุ่มกลศาสตร์,ธรรมชาติและพัฒนาการทางฟิสิกส์,การวัดและรายงานผลการวัดปริมาณทางฟิสิกส์,การอ่านค่าจากเครื่องมือวัด
มัธยมปลาย,วิทยาศาสตร์,ฟิสิกส์,กลุ่มกลศาสตร์,ธรรมชาติและพัฒนาการทางฟิสิกส์,การทดลองทางฟิสิกส์,การรายงานความคลาดเคลื่อน
มัธยมปลาย,วิทยาศาสตร์,ฟิสิกส์,กลุ่มกลศาสตร์,ธรรมชาติและพัฒนาการทางฟิสิกส์,การทดลองทางฟิสิกส์,การเขียนกราฟจากการทดลอง
มัธยมปลาย,วิทยาศาสตร์,ฟิสิกส์,กลุ่มกลศาสตร์,ธรรมชาติและพัฒนาการทางฟิสิกส์,การทดลองทางฟิสิกส์,การวิเคราะห์ผลการทดลองจากกราฟ
มัธยมปลาย,วิทยาศาสตร์,ฟิสิกส์,กลุ่มกลศาสตร์,ธรรมชาติและพัฒนาการทางฟิสิกส์,ปริมาณพื้นฐานในวิชาฟิสิกส์,ปริมาณสเกลาร์
มัธยมปลาย,วิทยาศาสตร์,ฟิสิกส์,กลุ่มกลศาสตร์,ธรรมชาติและพัฒนาการทางฟิสิกส์,ปริมาณพื้นฐานในวิชาฟิสิกส์,ปริมาณเวกเตอร์และการดำเนินการ
มัธยมปลาย,วิทยาศาสตร์,ฟิสิกส์,กลุ่มกลศาสตร์,ธรรมชาติและพัฒนาการทางฟิสิกส์,คณิตศาสตร์สำหรับฟิสิกส์,ทฤษฎีบทพีทาโกรัส
มัธยมปลาย,วิทยาศาสตร์,ฟิสิกส์,กลุ่มกลศาสตร์,ธรรมชาติและพัฒนาการทางฟิสิกส์,คณิตศาสตร์สำหรับฟิสิกส์,ตรีโกณมิติพื้นฐาน
มัธยมปลาย,วิทยาศาสตร์,ฟิสิกส์,กลุ่มกลศาสตร์,ธรรมชาติและพัฒนาการทางฟิสิกส์,คณิตศาสตร์สำหรับฟิสิกส์,กราฟพื้นฐาน
มัธยมปลาย,วิทยาศาสตร์,ฟิสิกส์,กลุ่มกลศาสตร์,ธรรมชาติและพัฒนาการทางฟิสิกส์,คณิตศาสตร์สำหรับฟิสิกส์,แคลคูลัสเบื้องต้น
มัธยมปลาย,วิทยาศาสตร์,ฟิสิกส์,กลุ่มกลศาสตร์,การเคลื่อนที่แนวตรง,ปริมาณที่เกี่ยวกับการเคลื่อนที่,ตำแหน่ง ระยะทาง และการกระจัด
มัธยมปลาย,วิทยาศาสตร์,ฟิสิกส์,กลุ่มกลศาสตร์,การเคลื่อนที่แนวตรง,ปริมาณที่เกี่ยวกับการเคลื่อนที่,อัตราเร็วและความเร็ว
มัธยมปลาย,วิทยาศาสตร์,ฟิสิกส์,กลุ่มกลศาสตร์,การเคลื่อนที่แนวตรง,ปริมาณที่เกี่ยวกับการเคลื่อนที่,อัตราเร็วเฉลี่ยและความเร็วเฉลี่ย
มัธยมปลาย,วิทยาศาสตร์,ฟิสิกส์,กลุ่มกลศาสตร์,การเคลื่อนที่แนวตรง,ปริมาณที่เกี่ยวกับการเคลื่อนที่,ความเร็วขณะหนึ่งและอัตราเร็วขณะหนึ่ง
มัธยมปลาย,วิทยาศาสตร์,ฟิสิกส์,กลุ่มกลศาสตร์,การเคลื่อนที่แนวตรง,ปริมาณที่เกี่ยวกับการเคลื่อนที่,ความเร่ง
มัธยมปลาย,วิทยาศาสตร์,ฟิสิกส์,กลุ่มกลศาสตร์,การเคลื่อนที่แนวตรง,การวิเคราะห์การเคลื่อนที่แนวตรง,การเคลื่อนที่ด้วยความเร็วคงตัว
มัธยมปลาย,วิทยาศาสตร์,ฟิสิกส์,กลุ่มกลศาสตร์,การเคลื่อนที่แนวตรง,การวิเคราะห์การเคลื่อนที่แนวตรง,การเคลื่อนที่ด้วยความเร่งคงตัว
มัธยมปลาย,วิทยาศาสตร์,ฟิสิกส์,กลุ่มกลศาสตร์,การเคลื่อนที่แนวตรง,การวิเคราะห์การเคลื่อนที่แนวตรง,การวิเคราะห์การเคลื่อนที่โดยใช้แคลคูลัส
มัธยมปลาย,วิทยาศาสตร์,ฟิสิกส์,กลุ่มกลศาสตร์,การเคลื่อนที่แนวตรง,การวิเคราะห์การเคลื่อนที่แนวตรง,การตกแบบเสรี
มัธยมปลาย,วิทยาศาสตร์,ฟิสิกส์,กลุ่มกลศาสตร์,การเคลื่อนที่แนวตรง,การวิเคราะห์การเคลื่อนที่แนวตรง,การวิเคราะห์การเคลื่อนที่ของวัตถุมากกว่าหนึ่งอัน
มัธยมปลาย,วิทยาศาสตร์,ฟิสิกส์,กลุ่มกลศาสตร์,การเคลื่อนที่แนวตรง,การวิเคราะห์การเคลื่อนที่แนวตรง,ความเร็วสัมพัทธ์
มัธยมปลาย,วิทยาศาสตร์,ฟิสิกส์,กลุ่มกลศาสตร์,การเคลื่อนที่แนวตรง,การทดลองการเคลื่อนที่แนวตรง,เครื่องเคาะสัญญาณเวลา
มัธยมปลาย,วิทยาศาสตร์,ฟิสิกส์,กลุ่มกลศาสตร์,การเคลื่อนที่แนวตรง,กราฟของการเคลื่อนที่แนวตรง,กราฟระหว่างตำแหน่งและเวลา (x-t)
มัธยมปลาย,วิทยาศาสตร์,ฟิสิกส์,กลุ่มกลศาสตร์,การเคลื่อนที่แนวตรง,กราฟของการเคลื่อนที่แนวตรง,กราฟระหว่างความเร็วและเวลา (v-t)
มัธยมปลาย,วิทยาศาสตร์,ฟิสิกส์,กลุ่มกลศาสตร์,การเคลื่อนที่แนวตรง,กราฟของการเคลื่อนที่แนวตรง,กราฟระหว่างความเร่งและเวลา (a-t)
มัธยมปลาย,วิทยาศาสตร์,ฟิสิกส์,กลุ่มกลศาสตร์,แรงและกฎการเคลื่อนที่,พื้นฐานกฎการเคลื่อนที่,แรง
มัธยมปลาย,วิทยาศาสตร์,ฟิสิกส์,กลุ่มกลศาสตร์,แรงและกฎการเคลื่อนที่,พื้นฐานกฎการเคลื่อนที่,มวล
มัธยมปลาย,วิทยาศาสตร์,ฟิสิกส์,กลุ่มกลศาสตร์,แรงและกฎการเคลื่อนที่,พื้นฐานกฎการเคลื่อนที่,แผนภาพวัตถุอิสระ (Free body diagram)
มัธยมปลาย,วิทยาศาสตร์,ฟิสิกส์,กลุ่มกลศาสตร์,แรงและกฎการเคลื่อนที่,พื้นฐานกฎการเคลื่อนที่,การหาแรงลัพธ์และการแตกแรง
มัธยมปลาย,วิทยาศาสตร์,ฟิสิกส์,กลุ่มกลศาสตร์,แรงและกฎการเคลื่อนที่,กฎการเคลื่อนที่ของนิวตัน,กฎการเคลื่อนที่ข้อที่ 1 ของนิวตัน
มัธยมปลาย,วิทยาศาสตร์,ฟิสิกส์,กลุ่มกลศาสตร์,แรงและกฎการเคลื่อนที่,กฎการเคลื่อนที่ของนิวตัน,กฎการเคลื่อนที่ข้อที่ 2 ของนิวตัน
มัธยมปลาย,วิทยาศาสตร์,ฟิสิกส์,กลุ่มกลศาสตร์,แรงและกฎการเคลื่อนที่,กฎการเคลื่อนที่ของนิวตัน,กฎการเคลื่อนที่ข้อที่ 3 ของนิวตัน
มัธยมปลาย,วิทยาศาสตร์,ฟิสิกส์,กลุ่มกลศาสตร์,แรงและกฎการเคลื่อนที่,การวิเคราะห์ด้วยกฎข้อ 2 ของนิวตัน,ขั้นตอนการวิเคราะห์ด้วยกฎข้อที่ 2
มัธยมปลาย,วิทยาศาสตร์,ฟิสิกส์,กลุ่มกลศาสตร์,แรงและกฎการเคลื่อนที่,การวิเคราะห์ด้วยกฎข้อ 2 ของนิวตัน,ประยุกต์กฎการเคลื่อนที่กับการเคลื่อนที่แนวตรง
มัธยมปลาย,วิทยาศาสตร์,ฟิสิกส์,กลุ่มกลศาสตร์,แรงและกฎการเคลื่อนที่,บทประยุกต์กฎการเคลื่อนที่ของนิวตัน,แรงเสียดทาน
มัธยมปลาย,วิทยาศาสตร์,ฟิสิกส์,กลุ่มกลศาสตร์,แรงและกฎการเคลื่อนที่,บทประยุกต์กฎการเคลื่อนที่ของนิวตัน,พื้นเอียง
มัธยมปลาย,วิทยาศาสตร์,ฟิสิกส์,กลุ่มกลศาสตร์,แรงและกฎการเคลื่อนที่,บทประยุกต์กฎการเคลื่อนที่ของนิวตัน,การชั่งน้ำหนักในลิฟต์
มัธยมปลาย,วิทยาศาสตร์,ฟิสิกส์,กลุ่มกลศาสตร์,แรงและกฎการเคลื่อนที่,บทประยุกต์กฎการเคลื่อนที่ของนิวตัน,รอก
มัธยมปลาย,วิทยาศาสตร์,ฟิสิกส์,กลุ่มกลศาสตร์,แรงและกฎการเคลื่อนที่,บทประยุกต์กฎการเคลื่อนที่ของนิวตัน,แรงดึงดูดระหว่างมวล
มัธยมปลาย,วิทยาศาสตร์,ฟิสิกส์,กลุ่มกลศาสตร์,แรงและกฎการเคลื่อนที่,บทประยุกต์กฎการเคลื่อนที่ของนิวตัน,สนามโน้มถ่วง
มัธยมปลาย,วิทยาศาสตร์,ฟิสิกส์,กลุ่มกลศาสตร์,สมดุลกล,สมดุลต่อการเลื่อนที่,การวิเคราะห์สมดุลต่อการเลื่อนที่
มัธยมปลาย,วิทยาศาสตร์,ฟิสิกส์,กลุ่มกลศาสตร์,สมดุลกล,สมดุลต่อการเลื่อนที่,สมดุลของแรงสามแรง
มัธยมปลาย,วิทยาศาสตร์,ฟิสิกส์,กลุ่มกลศาสตร์,สมดุลกล,สมดุลต่อการหมุน,โมเมนต์
มัธยมปลาย,วิทยาศาสตร์,ฟิสิกส์,กลุ่มกลศาสตร์,สมดุลกล,สมดุลต่อการหมุน,การวิเคราะห์สมดุลต่อการหมุน
มัธยมปลาย,วิทยาศาสตร์,ฟิสิกส์,กลุ่มกลศาสตร์,สมดุลกล,สมดุลต่อการหมุน,แรงคู่ควบ
มัธยมปลาย,วิทยาศาสตร์,ฟิสิกส์,กลุ่มกลศาสตร์,สมดุลกล,เสถียรภาพของวัตถุ,ศูนย์กลางมวลและศูนย์ถ่วง
มัธยมปลาย,วิทยาศาสตร์,ฟิสิกส์,กลุ่มกลศาสตร์,สมดุลกล,เสถียรภาพของวัตถุ,การล้มและการไถล
มัธยมปลาย,วิทยาศาสตร์,ฟิสิกส์,กลุ่มกลศาสตร์,งานและพลังงาน,งานและกำลัง,งานของแรงคงตัว
มัธยมปลาย,วิทยาศาสตร์,ฟิสิกส์,กลุ่มกลศาสตร์,งานและพลังงาน,งานและกำลัง,งานของแรงไม่คงตัว
มัธยมปลาย,วิทยาศาสตร์,ฟิสิกส์,กลุ่มกลศาสตร์,งานและพลังงาน,งานและกำลัง,การหางานจากพื้นที่ใต้กราฟ
มัธยมปลาย,วิทยาศาสตร์,ฟิสิกส์,กลุ่มกลศาสตร์,งานและพลังงาน,งานและกำลัง,กำลัง
มัธยมปลาย,วิทยาศาสตร์,ฟิสิกส์,กลุ่มกลศาสตร์,งานและพลังงาน,พลังงานกล,พลังงานจลน์
มัธยมปลาย,วิทยาศาสตร์,ฟิสิกส์,กลุ่มกลศาสตร์,งานและพลังงาน,พลังงานกล,ทฤษฎีบทงาน-พลังงาน
มัธยมปลาย,วิทยาศาสตร์,ฟิสิกส์,กลุ่มกลศาสตร์,งานและพลังงาน,พลังงานกล,พลังงานศักย์ยืดหยุ่นและแรงสปริง
มัธยมปลาย,วิทยาศาสตร์,ฟิสิกส์,กลุ่มกลศาสตร์,งานและพลังงาน,พลังงานกล,พลังงานศักย์โน้มถ่วง
มัธยมปลาย,วิทยาศาสตร์,ฟิสิกส์,กลุ่มกลศาสตร์,งานและพลังงาน,การอนุรักษ์พลังงาน,งานเนื่องจากแรงอนุรักษ์
มัธยมปลาย,วิทยาศาสตร์,ฟิสิกส์,กลุ่มกลศาสตร์,งานและพลังงาน,การอนุรักษ์พลังงาน,กฎการอนุรักษ์พลังงาน
มัธยมปลาย,วิทยาศาสตร์,ฟิสิกส์,กลุ่มกลศาสตร์,งานและพลังงาน,สมรรถนะเครื่องกล,เครื่องกลอย่างง่าย
มัธยมปลาย,วิทยาศาสตร์,ฟิสิกส์,กลุ่มกลศาสตร์,งานและพลังงาน,สมรรถนะเครื่องกล,การได้เปรียบเชิงกล
มัธยมปลาย,วิทยาศาสตร์,ฟิสิกส์,กลุ่มกลศาสตร์,งานและพลังงาน,สมรรถนะเครื่องกล,ประสิทธิภาพเชิงกล
มัธยมปลาย,วิทยาศาสตร์,ฟิสิกส์,กลุ่มกลศาสตร์,โมเมนตัม,พื้นฐานโมเมนตัม,นิยามโมเมนตัม
มัธยมปลาย,วิทยาศาสตร์,ฟิสิกส์,กลุ่มกลศาสตร์,โมเมนตัม,พื้นฐานโมเมนตัม,การดลและแรงดล
มัธยมปลาย,วิทยาศาสตร์,ฟิสิกส์,กลุ่มกลศาสตร์,โมเมนตัม,กฎการอนุรักษ์โมเมนตัม,การอนุรักษ์โมเมนตัมใน 1 มิติ
มัธยมปลาย,วิทยาศาสตร์,ฟิสิกส์,กลุ่มกลศาสตร์,โมเมนตัม,กฎการอนุรักษ์โมเมนตัม,การอนุรักษ์โมเมนตัมใน 2 มิติ
มัธยมปลาย,วิทยาศาสตร์,ฟิสิกส์,กลุ่มกลศาสตร์,โมเมนตัม,บทประยุกต์โมเมนตัม,การดีดตัวแยกออกจากกันและการระเบิด
มัธยมปลาย,วิทยาศาสตร์,ฟิสิกส์,กลุ่มกลศาสตร์,โมเมนตัม,บทประยุกต์โมเมนตัม,การชนแบบยืดหยุ่น
มัธยมปลาย,วิทยาศาสตร์,ฟิสิกส์,กลุ่มกลศาสตร์,โมเมนตัม,บทประยุกต์โมเมนตัม,การชนแบบไม่ยืดหยุ่น
มัธยมปลาย,วิทยาศาสตร์,ฟิสิกส์,กลุ่มกลศาสตร์,โมเมนตัม,บทประยุกต์โมเมนตัม,การชนแบบไม่ยืดหยุ่นสมบูรณ์
มัธยมปลาย,วิทยาศาสตร์,ฟิสิกส์,กลุ่มกลศาสตร์,การเคลื่อนที่แบบโพรเจกไทล์,พื้นฐานการเคลื่อนที่แบบโพรเจกไทล์,การวิเคราะห์การเคลื่อนที่โพรเจกไทล์
มัธยมปลาย,วิทยาศาสตร์,ฟิสิกส์,กลุ่มกลศาสตร์,การเคลื่อนที่แบบโพรเจกไทล์,บทประยุกต์การเคลื่อนที่แบบโพรเจกไทล์,ความเร็วต้นอยู่ในแนวแกนเดียว
มัธยมปลาย,วิทยาศาสตร์,ฟิสิกส์,กลุ่มกลศาสตร์,การเคลื่อนที่แบบโพรเจกไทล์,บทประยุกต์การเคลื่อนที่แบบโพรเจกไทล์,การเคลื่อนที่แบบโพรเจกไทล์บนพื้นเอียง
มัธยมปลาย,วิทยาศาสตร์,ฟิสิกส์,กลุ่มกลศาสตร์,การเคลื่อนที่แบบโพรเจกไทล์,บทประยุกต์การเคลื่อนที่แบบโพรเจกไทล์,การเคลื่อนที่แบบโพรเจกไทล์ของวัตถุมากกว่าหนึ่งอัน
มัธยมปลาย,วิทยาศาสตร์,ฟิสิกส์,กลุ่มกลศาสตร์,การเคลื่อนที่แบบวงกลม,ปริมาณที่เกี่ยวกับการเคลื่อนที่แบบวงกลม,การกระจัดเชิงมุม
มัธยมปลาย,วิทยาศาสตร์,ฟิสิกส์,กลุ่มกลศาสตร์,การเคลื่อนที่แบบวงกลม,ปริมาณที่เกี่ยวกับการเคลื่อนที่แบบวงกลม,อัตราเร็วเชิงเส้นและอัตราเร็วเชิงมุม
มัธยมปลาย,วิทยาศาสตร์,ฟิสิกส์,กลุ่มกลศาสตร์,การเคลื่อนที่แบบวงกลม,ปริมาณที่เกี่ยวกับการเคลื่อนที่แบบวงกลม,คาบและความถี่
มัธยมปลาย,วิทยาศาสตร์,ฟิสิกส์,กลุ่มกลศาสตร์,การเคลื่อนที่แบบวงกลม,ปริมาณที่เกี่ยวกับการเคลื่อนที่แบบวงกลม,ความเร่งสู่ศูนย์กลาง
มัธยมปลาย,วิทยาศาสตร์,ฟิสิกส์,กลุ่มกลศาสตร์,การเคลื่อนที่แบบวงกลม,ปริมาณที่เกี่ยวกับการเคลื่อนที่แบบวงกลม,แรงเข้าสู่ศูนย์กลาง
มัธยมปลาย,วิทยาศาสตร์,ฟิสิกส์,กลุ่มกลศาสตร์,การเคลื่อนที่แบบวงกลม,การวิเคราะห์การเคลื่อนที่แบบวงกลมด้วยอัตราเร็วคงตัว,การเคลื่อนที่แบบวงกลมบนพื้นราบ
มัธยมปลาย,วิทยาศาสตร์,ฟิสิกส์,กลุ่มกลศาสตร์,การเคลื่อนที่แบบวงกลม,การวิเคราะห์การเคลื่อนที่แบบวงกลมด้วยอัตราเร็วคงตัว,การเคลื่อนที่แบบวงกลมบนพื้นกรวย
มัธยมปลาย,วิทยาศาสตร์,ฟิสิกส์,กลุ่มกลศาสตร์,การเคลื่อนที่แบบวงกลม,การวิเคราะห์การเคลื่อนที่แบบวงกลมด้วยอัตราเร็วคงตัว,การเคลื่อนที่แบบวงกลมบนผนังดิ่ง
มัธยมปลาย,วิทยาศาสตร์,ฟิสิกส์,กลุ่มกลศาสตร์,การเคลื่อนที่แบบวงกลม,การวิเคราะห์การเคลื่อนที่แบบวงกลมด้วยอัตราเร็วคงตัว,การพลิกคว่ำและการแหกโค้ง
มัธยมปลาย,วิทยาศาสตร์,ฟิสิกส์,กลุ่มกลศาสตร์,การเคลื่อนที่แบบวงกลม,การวิเคราะห์การเคลื่อนที่แบบวงกลมด้วยอัตราเร็วไม่คงตัว,การเคลื่อนที่แบบวงกลมในระนาบดิ่งแบบครบวง
มัธยมปลาย,วิทยาศาสตร์,ฟิสิกส์,กลุ่มกลศาสตร์,การเคลื่อนที่แบบวงกลม,การวิเคราะห์การเคลื่อนที่แบบวงกลมด้วยอัตราเร็วไม่คงตัว,การเคลื่อนที่แบบวงกลมบนระนาบดิ่งแบบไม่ครบวง
มัธยมปลาย,วิทยาศาสตร์,ฟิสิกส์,กลุ่มกลศาสตร์,การเคลื่อนที่แบบวงกลม,การวิเคราะห์การเคลื่อนที่แบบวงกลมด้วยอัตราเร็วไม่คงตัว,การแกว่งเป็นวงกลมได้ครบวงพอดี
มัธยมปลาย,วิทยาศาสตร์,ฟิสิกส์,กลุ่มกลศาสตร์,การเคลื่อนที่แบบวงกลม,ความโน้มถ่วง,การเคลื่อนที่แบบวงกลมของดวงดาวและดาวเทียม
มัธยมปลาย,วิทยาศาสตร์,ฟิสิกส์,กลุ่มกลศาสตร์,การเคลื่อนที่แบบวงกลม,ความโน้มถ่วง,กฎของเคพเลอร์
มัธยมปลาย,วิทยาศาสตร์,ฟิสิกส์,กลุ่มกลศาสตร์,การเคลื่อนที่แบบวงกลม,ความโน้มถ่วง,พลังงานศักย์โน้มถ่วง
มัธยมปลาย,วิทยาศาสตร์,ฟิสิกส์,กลุ่มกลศาสตร์,การเคลื่อนที่แบบฮาร์มอนิกอย่างง่าย,พื้นฐานการเคลื่อนที่แบบฮาร์มอนิกอย่างง่าย,ปริมาณที่เกี่ยวข้องกับการเคลื่อนที่แบบฮาร์มอนิกอย่างง่าย
มัธยมปลาย,วิทยาศาสตร์,ฟิสิกส์,กลุ่มกลศาสตร์,การเคลื่อนที่แบบฮาร์มอนิกอย่างง่าย,สมการการเคลื่อนที่แบบฮาร์มอนิกอย่างง่าย,สมการปริมาณการเคลื่อนที่กับเวลาในการเคลื่อนที่แบบฮาร์มอนิกอย่างง่าย
มัธยมปลาย,วิทยาศาสตร์,ฟิสิกส์,กลุ่มกลศาสตร์,การเคลื่อนที่แบบฮาร์มอนิกอย่างง่าย,สมการการเคลื่อนที่แบบฮาร์มอนิกอย่างง่าย,การหาค่าสูงสุดและตำแหน่งสูงสุดในสมการของการเคลื่อนที่แบบฮาร์มอนิกอย่างง่าย
มัธยมปลาย,วิทยาศาสตร์,ฟิสิกส์,กลุ่มกลศาสตร์,การเคลื่อนที่แบบฮาร์มอนิกอย่างง่าย,สมการการเคลื่อนที่แบบฮาร์มอนิกอย่างง่าย,กราฟของปริมาณการเคลื่อนที่กับเวลาในการเคลื่อนที่แบบฮาร์มอนิกอย่างง่าย
มัธยมปลาย,วิทยาศาสตร์,ฟิสิกส์,กลุ่มกลศาสตร์,การเคลื่อนที่แบบฮาร์มอนิกอย่างง่าย,ความถี่เชิงมุมของการเคลื่อนที่แบบฮาร์มอนิกอย่างง่ายรูปแบบต่างๆ,การสั่นของมวลติดสปริง
มัธยมปลาย,วิทยาศาสตร์,ฟิสิกส์,กลุ่มกลศาสตร์,การเคลื่อนที่แบบฮาร์มอนิกอย่างง่าย,ความถี่เชิงมุมของการเคลื่อนที่แบบฮาร์มอนิกอย่างง่ายรูปแบบต่างๆ,การแกว่งของลูกตุ้มอย่างง่าย
มัธยมปลาย,วิทยาศาสตร์,ฟิสิกส์,กลุ่มกลศาสตร์,การเคลื่อนที่แบบฮาร์มอนิกอย่างง่าย,ความถี่เชิงมุมของการเคลื่อนที่แบบฮาร์มอนิกอย่างง่ายรูปแบบต่างๆ,รูปแบบอื่นๆ ของการเคลื่อนที่แบบฮาร์มอนิกอย่างง่าย
มัธยมปลาย,วิทยาศาสตร์,ฟิสิกส์,กลุ่มกลศาสตร์,การเคลื่อนที่แบบฮาร์มอนิกอย่างง่าย,การอนุรักษ์พลังงานในการเคลื่อนที่ฮาร์มอนิกอย่างง่าย,ความสัมพันธ์ระหว่างพลังงานจลน์และพลังงานศักย์
มัธยมปลาย,วิทยาศาสตร์,ฟิสิกส์,กลุ่มกลศาสตร์,การเคลื่อนที่แบบฮาร์มอนิกอย่างง่าย,ความถี่ธรรมชาติและการสั่นพ้อง,ความถี่ธรรมชาติ
มัธยมปลาย,วิทยาศาสตร์,ฟิสิกส์,กลุ่มกลศาสตร์,การเคลื่อนที่แบบฮาร์มอนิกอย่างง่าย,ความถี่ธรรมชาติและการสั่นพ้อง,การสั่นพ้อง
มัธยมปลาย,วิทยาศาสตร์,ฟิสิกส์,กลุ่มกลศาสตร์,การเคลื่อนที่แบบหมุน,ปริมาณที่เกี่ยวข้องกับการหมุน,วัตถุแข็งเกร็ง
มัธยมปลาย,วิทยาศาสตร์,ฟิสิกส์,กลุ่มกลศาสตร์,การเคลื่อนที่แบบหมุน,ปริมาณที่เกี่ยวข้องกับการหมุน,ตำแหน่งเชิงมุม
มัธยมปลาย,วิทยาศาสตร์,ฟิสิกส์,กลุ่มกลศาสตร์,การเคลื่อนที่แบบหมุน,ปริมาณที่เกี่ยวข้องกับการหมุน,การกระจัดเชิงมุม
มัธยมปลาย,วิทยาศาสตร์,ฟิสิกส์,กลุ่มกลศาสตร์,การเคลื่อนที่แบบหมุน,ปริมาณที่เกี่ยวข้องกับการหมุน,ความเร็วเชิงมุม
มัธยมปลาย,วิทยาศาสตร์,ฟิสิกส์,กลุ่มกลศาสตร์,การเคลื่อนที่แบบหมุน,ปริมาณที่เกี่ยวข้องกับการหมุน,ความเร่งเชิงมุม
มัธยมปลาย,วิทยาศาสตร์,ฟิสิกส์,กลุ่มกลศาสตร์,การเคลื่อนที่แบบหมุน,ปริมาณที่เกี่ยวข้องกับการหมุน,สมการการเคลื่อนที่แบบหมุนรอบแกนหมุน
มัธยมปลาย,วิทยาศาสตร์,ฟิสิกส์,กลุ่มกลศาสตร์,การเคลื่อนที่แบบหมุน,ทอร์กและโมเมนต์ความเฉื่อย,ทอร์ก
มัธยมปลาย,วิทยาศาสตร์,ฟิสิกส์,กลุ่มกลศาสตร์,การเคลื่อนที่แบบหมุน,ทอร์กและโมเมนต์ความเฉื่อย,โมเมนต์ความเฉื่อย
มัธยมปลาย,วิทยาศาสตร์,ฟิสิกส์,กลุ่มกลศาสตร์,การเคลื่อนที่แบบหมุน,ทอร์กและโมเมนต์ความเฉื่อย,การวิเคราะห์การเคลื่อนแบบหมุนรอบแกนหมุน
มัธยมปลาย,วิทยาศาสตร์,ฟิสิกส์,กลุ่มกลศาสตร์,การเคลื่อนที่แบบหมุน,พลังงานจลน์ของการเคลื่อนที่แบบหมุน,พลังงานจลน์ของการเคลื่อนที่แบบหมุน
มัธยมปลาย,วิทยาศาสตร์,ฟิสิกส์,กลุ่มกลศาสตร์,การเคลื่อนที่แบบหมุน,โมเมนตัมเชิงมุมและอัตราการเปลี่ยนโมเมนตัมเชิงมุม,โมเมนตัมเชิงมุม
มัธยมปลาย,วิทยาศาสตร์,ฟิสิกส์,กลุ่มกลศาสตร์,การเคลื่อนที่แบบหมุน,โมเมนตัมเชิงมุมและอัตราการเปลี่ยนโมเมนตัมเชิงมุม,ทอร์กและการเปลี่ยนแปลงโมเมนตัมเชิงมุม
มัธยมปลาย,วิทยาศาสตร์,ฟิสิกส์,กลุ่มกลศาสตร์,การเคลื่อนที่แบบหมุน,โมเมนตัมเชิงมุมและอัตราการเปลี่ยนโมเมนตัมเชิงมุม,การอนุรักษ์โมเมนตัมเชิงมุม
มัธยมปลาย,วิทยาศาสตร์,ฟิสิกส์,กลุ่มกลศาสตร์,การเคลื่อนที่แบบหมุน,โมเมนตัมเชิงมุมและอัตราการเปลี่ยนโมเมนตัมเชิงมุม,การหมุนแบบควงของลูกข่าง
มัธยมปลาย,วิทยาศาสตร์,ฟิสิกส์,กลุ่มกลศาสตร์,การเคลื่อนที่แบบหมุน,การเคลื่อนที่ทั้งแบบเลื่อนที่และแบบหมุน,การกลิ้ง
มัธยมปลาย,วิทยาศาสตร์,ฟิสิกส์,กลุ่มกลศาสตร์,การเคลื่อนที่แบบหมุน,การเคลื่อนที่ทั้งแบบเลื่อนที่และแบบหมุน,การวิเคราะห์การเคลื่อนที่ทั้งแบบเลื่อนที่และแบบหมุน
มัธยมปลาย,วิทยาศาสตร์,ฟิสิกส์,กลุ่มสมบัติสาร,ความร้อนและทฤษฎีจลน์ของแก๊ส,แก๊สอุดมคติ,แบบจำลองแก๊สอุดมคติ
มัธยมปลาย,วิทยาศาสตร์,ฟิสิกส์,กลุ่มสมบัติสาร,ความร้อนและทฤษฎีจลน์ของแก๊ส,แก๊สอุดมคติ,สมการแก๊สอุดมคติ
มัธยมปลาย,วิทยาศาสตร์,ฟิสิกส์,กลุ่มสมบัติสาร,ความร้อนและทฤษฎีจลน์ของแก๊ส,แก๊สอุดมคติ,ทฤษฎีจลน์ของแก๊ส
มัธยมปลาย,วิทยาศาสตร์,ฟิสิกส์,กลุ่มสมบัติสาร,ความร้อนและทฤษฎีจลน์ของแก๊ส,ความร้อน,เทอร์มอมิเตอร์และการแปลงหน่วยของอุณหภูมิ
มัธยมปลาย,วิทยาศาสตร์,ฟิสิกส์,กลุ่มสมบัติสาร,ความร้อนและทฤษฎีจลน์ของแก๊ส,ความร้อน,ความร้อนกับการเปลี่ยนแปลงอุณหภูมิและสถานะ
มัธยมปลาย,วิทยาศาสตร์,ฟิสิกส์,กลุ่มสมบัติสาร,ความร้อนและทฤษฎีจลน์ของแก๊ส,ความร้อน,สมดุลความร้อน
มัธยมปลาย,วิทยาศาสตร์,ฟิสิกส์,กลุ่มสมบัติสาร,ความร้อนและทฤษฎีจลน์ของแก๊ส,ความร้อน,ความร้อนและการเปลี่ยนรูปพลังงาน
มัธยมปลาย,วิทยาศาสตร์,ฟิสิกส์,กลุ่มสมบัติสาร,ความร้อนและทฤษฎีจลน์ของแก๊ส,อุณหพลศาสตร์,งานที่ทำโดยแก๊ส
มัธยมปลาย,วิทยาศาสตร์,ฟิสิกส์,กลุ่มสมบัติสาร,ความร้อนและทฤษฎีจลน์ของแก๊ส,อุณหพลศาสตร์,พลังงานภายในของระบบ
มัธยมปลาย,วิทยาศาสตร์,ฟิสิกส์,กลุ่มสมบัติสาร,ความร้อนและทฤษฎีจลน์ของแก๊ส,อุณหพลศาสตร์,กฎข้อที่หนึ่งของอุณหพลศาสตร์
มัธยมปลาย,วิทยาศาสตร์,ฟิสิกส์,กลุ่มสมบัติสาร,ความร้อนและทฤษฎีจลน์ของแก๊ส,อุณหพลศาสตร์,กระบวนการทางอุณหพลศาสตร์
มัธยมปลาย,วิทยาศาสตร์,ฟิสิกส์,กลุ่มสมบัติสาร,ความร้อนและทฤษฎีจลน์ของแก๊ส,อุณหพลศาสตร์,กราฟระหว่างความดันและปริมาตร
มัธยมปลาย,วิทยาศาสตร์,ฟิสิกส์,กลุ่มสมบัติสาร,ของเหลวและการไหล,ของเหลว,ความหนาแน่นและความถ่วงจำเพาะ
มัธยมปลาย,วิทยาศาสตร์,ฟิสิกส์,กลุ่มสมบัติสาร,ของเหลวและการไหล,ของเหลว,ความดันและแรงดันในของเหลวสถิต
มัธยมปลาย,วิทยาศาสตร์,ฟิสิกส์,กลุ่มสมบัติสาร,ของเหลวและการไหล,ของเหลว,อุุปกรณ์ที่ใช้วัดความดัน
มัธยมปลาย,วิทยาศาสตร์,ฟิสิกส์,กลุ่มสมบัติสาร,ของเหลวและการไหล,ของเหลว,หลักของพาสคัล
มัธยมปลาย,วิทยาศาสตร์,ฟิสิกส์,กลุ่มสมบัติสาร,ของเหลวและการไหล,ของเหลว,แรงพยุง
มัธยมปลาย,วิทยาศาสตร์,ฟิสิกส์,กลุ่มสมบัติสาร,ของเหลวและการไหล,ของเหลว,แรงตึงผิว
มัธยมปลาย,วิทยาศาสตร์,ฟิสิกส์,กลุ่มสมบัติสาร,ของเหลวและการไหล,ของเหลว,แรงหนืด
มัธยมปลาย,วิทยาศาสตร์,ฟิสิกส์,กลุ่มสมบัติสาร,ของเหลวและการไหล,การไหล,การไหลในอุดมคติ
มัธยมปลาย,วิทยาศาสตร์,ฟิสิกส์,กลุ่มสมบัติสาร,ของเหลวและการไหล,การไหล,สมการความต่อเนื่อง
มัธยมปลาย,วิทยาศาสตร์,ฟิสิกส์,กลุ่มสมบัติสาร,ของเหลวและการไหล,การไหล,สมการแบร์นูลี
มัธยมปลาย,วิทยาศาสตร์,ฟิสิกส์,กลุ่มสมบัติสาร,ของแข็ง,ของแข็ง,สภาพยืดหยุ่นและสภาพพลาสติก
มัธยมปลาย,วิทยาศาสตร์,ฟิสิกส์,กลุ่มสมบัติสาร,ของแข็ง,ของแข็ง,ความเค้นและความเครียดของของแข็ง
มัธยมปลาย,วิทยาศาสตร์,ฟิสิกส์,กลุ่มสมบัติสาร,ของแข็ง,ของแข็ง,มอดุลัสของยัง
มัธยมปลาย,วิทยาศาสตร์,ฟิสิกส์,กลุ่มสมบัติสาร,ของแข็ง,ของแข็ง,ความเค้นจากการเปลี่ยนแปลงอุณหภูมิ
มัธยมปลาย,วิทยาศาสตร์,ฟิสิกส์,กลุ่มสมบัติสาร,ของแข็ง,ของแข็ง,กราฟที่เกี่ยวข้องกับของแข็ง
มัธยมปลาย,วิทยาศาสตร์,ฟิสิกส์,กลุ่มสมบัติสาร,ของแข็ง,ของแข็ง,การประยุกต์ใช้สภาพยืดหยุ่นในชีวิตประจำวัน
มัธยมปลาย,วิทยาศาสตร์,ฟิสิกส์,กลุ่มคลื่น,คลื่น,ธรรมชาติของคลื่น,ประเภทของคลื่น
มัธยมปลาย,วิทยาศาสตร์,ฟิสิกส์,กลุ่มคลื่น,คลื่น,ธรรมชาติของคลื่น,ส่วนประกอบของคลื่น
มัธยมปลาย,วิทยาศาสตร์,ฟิสิกส์,กลุ่มคลื่น,คลื่น,ธรรมชาติของคลื่น,ฟังก์ชันบรรยายคลื่น
มัธยมปลาย,วิทยาศาสตร์,ฟิสิกส์,กลุ่มคลื่น,คลื่น,ธรรมชาติของคลื่น,เฟสของคลื่น
มัธยมปลาย,วิทยาศาสตร์,ฟิสิกส์,กลุ่มคลื่น,คลื่น,อัตราเร็วของคลื่น,อัตราเร็วของคลื่นทั่วไป
มัธยมปลาย,วิทยาศาสตร์,ฟิสิกส์,กลุ่มคลื่น,คลื่น,อัตราเร็วของคลื่น,อัตราเร็วของคลื่นในเส้นเชือก
มัธยมปลาย,วิทยาศาสตร์,ฟิสิกส์,กลุ่มคลื่น,คลื่น,อัตราเร็วของคลื่น,อัตราเร็วของคลื่นเสียงและคลื่นแสง
มัธยมปลาย,วิทยาศาสตร์,ฟิสิกส์,กลุ่มคลื่น,คลื่น,พฤติกรรมของคลื่น,การสะท้อนของคลื่น
มัธยมปลาย,วิทยาศาสตร์,ฟิสิกส์,กลุ่มคลื่น,คลื่น,พฤติกรรมของคลื่น,การหักเหของคลื่น
มัธยมปลาย,วิทยาศาสตร์,ฟิสิกส์,กลุ่มคลื่น,คลื่น,พฤติกรรมของคลื่น,การหักเหของคลื่นน้ำ
มัธยมปลาย,วิทยาศาสตร์,ฟิสิกส์,กลุ่มคลื่น,คลื่น,พฤติกรรมของคลื่น,การส่งผ่านของคลื่นในเส้นเชือก
มัธยมปลาย,วิทยาศาสตร์,ฟิสิกส์,กลุ่มคลื่น,คลื่น,พฤติกรรมของคลื่น,การแทรกสอดของคลื่น
มัธยมปลาย,วิทยาศาสตร์,ฟิสิกส์,กลุ่มคลื่น,คลื่น,พฤติกรรมของคลื่น,การเลี้ยวเบนของคลื่น
มัธยมปลาย,วิทยาศาสตร์,ฟิสิกส์,กลุ่มคลื่น,คลื่น,บทประยุกต์ของคลื่น,คลื่นนิ่งในเส้นเชือก
มัธยมปลาย,วิทยาศาสตร์,ฟิสิกส์,กลุ่มคลื่น,คลื่น,บทประยุกต์ของคลื่น,การแทรกสอดของแหล่งกำเนิดคู่
มัธยมปลาย,วิทยาศาสตร์,ฟิสิกส์,กลุ่มคลื่น,คลื่น,บทประยุกต์ของคลื่น,การเลี้ยวเบนผ่านช่องแคบเดี่ยว
มัธยมปลาย,วิทยาศาสตร์,ฟิสิกส์,กลุ่มคลื่น,คลื่น,บทประยุกต์ของคลื่น,การทดลองถาดคลื่นน้ำ
มัธยมปลาย,วิทยาศาสตร์,ฟิสิกส์,กลุ่มคลื่น,คลื่น,บทประยุกต์ของคลื่น,สโตรโบสโคป
มัธยมปลาย,วิทยาศาสตร์,ฟิสิกส์,กลุ่มคลื่น,เสียง,พื้นฐานคลื่นเสียง,การเกิดและการเคลื่อนที่ของคลื่นเสียง
มัธยมปลาย,วิทยาศาสตร์,ฟิสิกส์,กลุ่มคลื่น,เสียง,พื้นฐานคลื่นเสียง,ความถี่ ความยาวคลื่น และอัตราเร็วของคลื่นเสียง
มัธยมปลาย,วิทยาศาสตร์,ฟิสิกส์,กลุ่มคลื่น,เสียง,สมบัติของเสียงในฐานะคลื่น,การสะท้อนของคลื่นเสียง
มัธยมปลาย,วิทยาศาสตร์,ฟิสิกส์,กลุ่มคลื่น,เสียง,สมบัติของเสียงในฐานะคลื่น,การหักเหของคลื่นเสียง
มัธยมปลาย,วิทยาศาสตร์,ฟิสิกส์,กลุ่มคลื่น,เสียง,สมบัติของเสียงในฐานะคลื่น,การแทรกสอดของคลื่นเสียง
มัธยมปลาย,วิทยาศาสตร์,ฟิสิกส์,กลุ่มคลื่น,เสียง,สมบัติของเสียงในฐานะคลื่น,การสั่นพ้องของเสียง
มัธยมปลาย,วิทยาศาสตร์,ฟิสิกส์,กลุ่มคลื่น,เสียง,สมบัติของเสียงในฐานะคลื่น,บีต
มัธยมปลาย,วิทยาศาสตร์,ฟิสิกส์,กลุ่มคลื่น,เสียง,สมบัติของเสียงในฐานะคลื่น,การเลี้ยวเบนของคลื่นเสียง
มัธยมปลาย,วิทยาศาสตร์,ฟิสิกส์,กลุ่มคลื่น,เสียง,สมบัติเฉพาะของเสียง,ความเข้มเสียง
มัธยมปลาย,วิทยาศาสตร์,ฟิสิกส์,กลุ่มคลื่น,เสียง,สมบัติเฉพาะของเสียง,ระดับความเข้มเสียง (Sound intensity level)
มัธยมปลาย,วิทยาศาสตร์,ฟิสิกส์,กลุ่มคลื่น,เสียง,สมบัติเฉพาะของเสียง,มลพิษทางเสียง
มัธยมปลาย,วิทยาศาสตร์,ฟิสิกส์,กลุ่มคลื่น,เสียง,สมบัติเฉพาะของเสียง,คุณภาพเสียง
มัธยมปลาย,วิทยาศาสตร์,ฟิสิกส์,กลุ่มคลื่น,เสียง,สมบัติเฉพาะของเสียง,ระดับสูงต่ำของเสียง (Pitch)
มัธยมปลาย,วิทยาศาสตร์,ฟิสิกส์,กลุ่มคลื่น,เสียง,สมบัติเฉพาะของเสียง,ปรากฏการณ์ดอปเพลอร์
มัธยมปลาย,วิทยาศาสตร์,ฟิสิกส์,กลุ่มคลื่น,เสียง,สมบัติเฉพาะของเสียง,คลื่นกระแทก
มัธยมปลาย,วิทยาศาสตร์,ฟิสิกส์,กลุ่มคลื่น,แสงเชิงรังสี,ธรรมชาติของแสง,ประวัติศาสตร์การศึกษาแสง
มัธยมปลาย,วิทยาศาสตร์,ฟิสิกส์,กลุ่มคลื่น,แสงเชิงรังสี,ธรรมชาติของแสง,อัตราเร็วแสง
มัธยมปลาย,วิทยาศาสตร์,ฟิสิกส์,กลุ่มคลื่น,แสงเชิงรังสี,ธรรมชาติของแสง,เงา
มัธยมปลาย,วิทยาศาสตร์,ฟิสิกส์,กลุ่มคลื่น,แสงเชิงรังสี,ธรรมชาติของแสง,แพรัลแลกซ์
มัธยมปลาย,วิทยาศาสตร์,ฟิสิกส์,กลุ่มคลื่น,แสงเชิงรังสี,ธรรมชาติของแสง,การมองเห็นและการเกิดภาพ
มัธยมปลาย,วิทยาศาสตร์,ฟิสิกส์,กลุ่มคลื่น,แสงเชิงรังสี,การสะท้อนของคลื่นแสง,กระจกเงาราบ
มัธยมปลาย,วิทยาศาสตร์,ฟิสิกส์,กลุ่มคลื่น,แสงเชิงรังสี,การสะท้อนของคลื่นแสง,การมองเห็นได้เต็มตัว
มัธยมปลาย,วิทยาศาสตร์,ฟิสิกส์,กลุ่มคลื่น,แสงเชิงรังสี,การสะท้อนของคลื่นแสง,การเดินเข้าหาหรือเลื่อนกระจก
มัธยมปลาย,วิทยาศาสตร์,ฟิสิกส์,กลุ่มคลื่น,แสงเชิงรังสี,การสะท้อนของคลื่นแสง,การหมุนกระจก
มัธยมปลาย,วิทยาศาสตร์,ฟิสิกส์,กลุ่มคลื่น,แสงเชิงรังสี,การสะท้อนของคลื่นแสง,กระจกวางทำมุมกัน
มัธยมปลาย,วิทยาศาสตร์,ฟิสิกส์,กลุ่มคลื่น,แสงเชิงรังสี,การหักเหของคลื่นแสง,การหักเหของคลื่นแสงและกฎของสเนลล์
มัธยมปลาย,วิทยาศาสตร์,ฟิสิกส์,กลุ่มคลื่น,แสงเชิงรังสี,การหักเหของคลื่นแสง,มุมวิกฤตและการสะท้อนกลับหมดของคลื่นแสง
มัธยมปลาย,วิทยาศาสตร์,ฟิสิกส์,กลุ่มคลื่น,แสงเชิงรังสี,การหักเหของคลื่นแสง,การหักเหของแสงผ่านตัวกลางหลายชั้นที่ขนานกัน
มัธยมปลาย,วิทยาศาสตร์,ฟิสิกส์,กลุ่มคลื่น,แสงเชิงรังสี,การหักเหของคลื่นแสง,ลึกจริงลึกปรากฎ
มัธยมปลาย,วิทยาศาสตร์,ฟิสิกส์,กลุ่มคลื่น,แสงเชิงรังสี,การหักเหของคลื่นแสง,การเห็นภาพเมื่อมองทำมุมกับผิวน้ำ
มัธยมปลาย,วิทยาศาสตร์,ฟิสิกส์,กลุ่มคลื่น,แสงเชิงรังสี,การหักเหของคลื่นแสง,การหักเหของแสงผ่านผิวโค้ง
มัธยมปลาย,วิทยาศาสตร์,ฟิสิกส์,กลุ่มคลื่น,แสงเชิงรังสี,กระจกโค้งและเลนส์บาง,แผนภาพรังสีเพื่อแสดงภาพที่เกิดจากกระจกโค้งและเลนส์บาง
มัธยมปลาย,วิทยาศาสตร์,ฟิสิกส์,กลุ่มคลื่น,แสงเชิงรังสี,กระจกโค้งและเลนส์บาง,การวิเคราะห์ปริมาณต่างๆ ที่เกี่ยวกับกระจกโค้งและเลนส์บาง
มัธยมปลาย,วิทยาศาสตร์,ฟิสิกส์,กลุ่มคลื่น,แสงเชิงรังสี,กระจกโค้งและเลนส์บาง,การสร้างแสงขนานจากกระจกโค้งและเลนส์บาง
มัธยมปลาย,วิทยาศาสตร์,ฟิสิกส์,กลุ่มคลื่น,แสงเชิงรังสี,กระจกโค้งและเลนส์บาง,ภาพที่เกิดจากกระจกโค้งหรือเลนส์บางมากกว่า 1 ชิ้น
มัธยมปลาย,วิทยาศาสตร์,ฟิสิกส์,กลุ่มคลื่น,แสงเชิงรังสี,กระจกโค้งและเลนส์บาง,เลนส์ประกบ
มัธยมปลาย,วิทยาศาสตร์,ฟิสิกส์,กลุ่มคลื่น,แสงเชิงรังสี,กระจกโค้งและเลนส์บาง,สมการช่างทำเลนส์
มัธยมปลาย,วิทยาศาสตร์,ฟิสิกส์,กลุ่มคลื่น,แสงเชิงรังสี,ทัศนอุปกรณ์,แว่นขยาย
มัธยมปลาย,วิทยาศาสตร์,ฟิสิกส์,กลุ่มคลื่น,แสงเชิงรังสี,ทัศนอุปกรณ์,เครื่องฉายภาพนิ่ง
มัธยมปลาย,วิทยาศาสตร์,ฟิสิกส์,กลุ่มคลื่น,แสงเชิงรังสี,ทัศนอุปกรณ์,กล้องถ่ายรูป
มัธยมปลาย,วิทยาศาสตร์,ฟิสิกส์,กลุ่มคลื่น,แสงเชิงรังสี,ทัศนอุปกรณ์,กล้องจุลทรรศน์
มัธยมปลาย,วิทยาศาสตร์,ฟิสิกส์,กลุ่มคลื่น,แสงเชิงรังสี,ทัศนอุปกรณ์,กล้องโทรทรรศน์
มัธยมปลาย,วิทยาศาสตร์,ฟิสิกส์,กลุ่มคลื่น,แสงเชิงรังสี,ทัศนอุปกรณ์,แว่นสายตา
มัธยมปลาย,วิทยาศาสตร์,ฟิสิกส์,กลุ่มคลื่น,แสงเชิงรังสี,สมบัติเฉพาะของแสงเชิงรังสี,รุ้ง
มัธยมปลาย,วิทยาศาสตร์,ฟิสิกส์,กลุ่มคลื่น,แสงเชิงรังสี,สมบัติเฉพาะของแสงเชิงรังสี,การทรงกลด
มัธยมปลาย,วิทยาศาสตร์,ฟิสิกส์,กลุ่มคลื่น,แสงเชิงรังสี,สมบัติเฉพาะของแสงเชิงรังสี,มิราจ
มัธยมปลาย,วิทยาศาสตร์,ฟิสิกส์,กลุ่มคลื่น,แสงเชิงรังสี,สมบัติเฉพาะของแสงเชิงรังสี,การเห็นท้องฟ้าเป็นสีต่างๆ
มัธยมปลาย,วิทยาศาสตร์,ฟิสิกส์,กลุ่มคลื่น,แสงเชิงรังสี,สมบัติเฉพาะของแสงเชิงรังสี,สารสีและแสงสี
มัธยมปลาย,วิทยาศาสตร์,ฟิสิกส์,กลุ่มคลื่น,แสงเชิงรังสี,สมบัติเฉพาะของแสงเชิงรังสี,ความสว่าง
มัธยมปลาย,วิทยาศาสตร์,ฟิสิกส์,กลุ่มคลื่น,แสงเชิงคลื่น,แสงเชิงคลื่น,การเลี้ยวเบนผ่านสลิตเดี่ยว
มัธยมปลาย,วิทยาศาสตร์,ฟิสิกส์,กลุ่มคลื่น,แสงเชิงคลื่น,แสงเชิงคลื่น,การแทรกสอดผ่านสลิตคู่
มัธยมปลาย,วิทยาศาสตร์,ฟิสิกส์,กลุ่มคลื่น,แสงเชิงคลื่น,แสงเชิงคลื่น,การแทรกสอดผ่านเกรตติง
มัธยมปลาย,วิทยาศาสตร์,ฟิสิกส์,กลุ่มคลื่น,แสงเชิงคลื่น,แสงเชิงคลื่น,การแทรกสอดผ่านฟิล์มบาง
มัธยมปลาย,วิทยาศาสตร์,ฟิสิกส์,กลุ่มไฟฟ้า,ไฟฟ้าสถิต,ธรรมชาติไฟฟ้าสถิต,ประจุไฟฟ้า
มัธยมปลาย,วิทยาศาสตร์,ฟิสิกส์,กลุ่มไฟฟ้า,ไฟฟ้าสถิต,ธรรมชาติไฟฟ้าสถิต,การทำให้เกิดประจุ
มัธยมปลาย,วิทยาศาสตร์,ฟิสิกส์,กลุ่มไฟฟ้า,ไฟฟ้าสถิต,ธรรมชาติไฟฟ้าสถิต,การตรวจเช็คประจุ
มัธยมปลาย,วิทยาศาสตร์,ฟิสิกส์,กลุ่มไฟฟ้า,ไฟฟ้าสถิต,แรงไฟฟ้า,แรงไฟฟ้าระหว่างจุดประจุ
มัธยมปลาย,วิทยาศาสตร์,ฟิสิกส์,กลุ่มไฟฟ้า,ไฟฟ้าสถิต,สนามไฟฟ้า,สนามไฟฟ้ารอบจุดประจุ
มัธยมปลาย,วิทยาศาสตร์,ฟิสิกส์,กลุ่มไฟฟ้า,ไฟฟ้าสถิต,สนามไฟฟ้า,แรงเนื่องจากสนามไฟฟ้า
มัธยมปลาย,วิทยาศาสตร์,ฟิสิกส์,กลุ่มไฟฟ้า,ไฟฟ้าสถิต,สนามไฟฟ้า,สนามไฟฟ้าของระบบจุดประจุ
มัธยมปลาย,วิทยาศาสตร์,ฟิสิกส์,กลุ่มไฟฟ้า,ไฟฟ้าสถิต,สนามไฟฟ้า,จุดสะเทินในสนามไฟฟ้า
มัธยมปลาย,วิทยาศาสตร์,ฟิสิกส์,กลุ่มไฟฟ้า,ไฟฟ้าสถิต,ศักย์ไฟฟ้าและความต่างศักย์,พลังงานศักย์ไฟฟ้า
มัธยมปลาย,วิทยาศาสตร์,ฟิสิกส์,กลุ่มไฟฟ้า,ไฟฟ้าสถิต,ศักย์ไฟฟ้าและความต่างศักย์,ศักย์ไฟฟ้าของจุดประจุ
มัธยมปลาย,วิทยาศาสตร์,ฟิสิกส์,กลุ่มไฟฟ้า,ไฟฟ้าสถิต,ศักย์ไฟฟ้าและความต่างศักย์,ศักย์ไฟฟ้ารวมเนื่องจากหลายประจุ
มัธยมปลาย,วิทยาศาสตร์,ฟิสิกส์,กลุ่มไฟฟ้า,ไฟฟ้าสถิต,ศักย์ไฟฟ้าและความต่างศักย์,เส้นสมศักย์
มัธยมปลาย,วิทยาศาสตร์,ฟิสิกส์,กลุ่มไฟฟ้า,ไฟฟ้าสถิต,ศักย์ไฟฟ้าและความต่างศักย์,ความต่างศักย์ไฟฟ้าและงานในการเคลื่อนประจุ
มัธยมปลาย,วิทยาศาสตร์,ฟิสิกส์,กลุ่มไฟฟ้า,ไฟฟ้าสถิต,ศักย์ไฟฟ้าและความต่างศักย์,ความต่างศักย์บริเวณสนามไฟฟ้าสม่ำเสมอ
มัธยมปลาย,วิทยาศาสตร์,ฟิสิกส์,กลุ่มไฟฟ้า,ไฟฟ้าสถิต,บทประยุกต์ไฟฟ้าสถิต,ตัวนำทรงกลม
มัธยมปลาย,วิทยาศาสตร์,ฟิสิกส์,กลุ่มไฟฟ้า,ไฟฟ้าสถิต,บทประยุกต์ไฟฟ้าสถิต,ความจุของตัวเก็บประจุ
มัธยมปลาย,วิทยาศาสตร์,ฟิสิกส์,กลุ่มไฟฟ้า,ไฟฟ้าสถิต,บทประยุกต์ไฟฟ้าสถิต,การต่อตัวเก็บประจุ
มัธยมปลาย,วิทยาศาสตร์,ฟิสิกส์,กลุ่มไฟฟ้า,ไฟฟ้าสถิต,บทประยุกต์ไฟฟ้าสถิต,พลังงานภายในตัวเก็บประจุ
มัธยมปลาย,วิทยาศาสตร์,ฟิสิกส์,กลุ่มไฟฟ้า,ไฟฟ้าสถิต,บทประยุกต์ไฟฟ้าสถิต,การถ่ายโอนประจุ
มัธยมปลาย,วิทยาศาสตร์,ฟิสิกส์,กลุ่มไฟฟ้า,ไฟฟ้าสถิต,การนำความรู้ไฟฟ้าสถิตไปประยุกต์ใช้,เครื่องใช้ไฟฟ้าที่ใช้ความรู้ไฟฟ้าสถิต
มัธยมปลาย,วิทยาศาสตร์,ฟิสิกส์,กลุ่มไฟฟ้า,ไฟฟ้าสถิต,การนำความรู้ไฟฟ้าสถิตไปประยุกต์ใช้,ปรากฏการณ์ธรรมชาติที่เกี่ยวข้องกับไฟฟ้าสถิต
มัธยมปลาย,วิทยาศาสตร์,ฟิสิกส์,กลุ่มไฟฟ้า,ไฟฟ้ากระแสตรง,กระแสไฟฟ้า,การเกิดกระแสไฟฟ้า
มัธยมปลาย,วิทยาศาสตร์,ฟิสิกส์,กลุ่มไฟฟ้า,ไฟฟ้ากระแสตรง,กระแสไฟฟ้า,กระแสไฟฟ้าในลวดตัวนำ
มัธยมปลาย,วิทยาศาสตร์,ฟิสิกส์,กลุ่มไฟฟ้า,ไฟฟ้ากระแสตรง,กฎของโอห์ม,กฎของโอห์ม
มัธยมปลาย,วิทยาศาสตร์,ฟิสิกส์,กลุ่มไฟฟ้า,ไฟฟ้ากระแสตรง,ตัวต้านทาน,ความต้านทานและความนำไฟฟ้าของตัวนำโลหะ
มัธยมปลาย,วิทยาศาสตร์,ฟิสิกส์,กลุ่มไฟฟ้า,ไฟฟ้ากระแสตรง,ตัวต้านทาน,ความต้านทานของสารกึ่งตัวนำและฉนวน
มัธยมปลาย,วิทยาศาสตร์,ฟิสิกส์,กลุ่มไฟฟ้า,ไฟฟ้ากระแสตรง,ตัวต้านทาน,การอ่านค่าความต้านทานจากแถบสี
มัธยมปลาย,วิทยาศาสตร์,ฟิสิกส์,กลุ่มไฟฟ้า,ไฟฟ้ากระแสตรง,ตัวต้านทาน,ความสัมพันธ์ระหว่างความต้านทานและอุณหภูมิของสารตัวนำ
มัธยมปลาย,วิทยาศาสตร์,ฟิสิกส์,กลุ่มไฟฟ้า,ไฟฟ้ากระแสตรง,การวิเคราะห์วงจรไฟฟ้ากระแสตรง,การต่อตัวต้านทานแบบอนุกรมและขนาน
มัธยมปลาย,วิทยาศาสตร์,ฟิสิกส์,กลุ่มไฟฟ้า,ไฟฟ้ากระแสตรง,การวิเคราะห์วงจรไฟฟ้ากระแสตรง,การต่อแบตเตอรี่แบบอนุกรมและขนาน
มัธยมปลาย,วิทยาศาสตร์,ฟิสิกส์,กลุ่มไฟฟ้า,ไฟฟ้ากระแสตรง,การวิเคราะห์วงจรไฟฟ้ากระแสตรง,การวิเคราะห์วงจรไฟฟ้าที่มีความต้านทานภายใน
มัธยมปลาย,วิทยาศาสตร์,ฟิสิกส์,กลุ่มไฟฟ้า,ไฟฟ้ากระแสตรง,เครื่องวัดปริมาณทางไฟฟ้า,การใช้เครื่องมือวัดปริมาณไฟฟ้าในวงจร
มัธยมปลาย,วิทยาศาสตร์,ฟิสิกส์,กลุ่มไฟฟ้า,ไฟฟ้ากระแสตรง,เครื่องวัดปริมาณทางไฟฟ้า,การดัดแปลงแกลแวนอมิเตอร์
มัธยมปลาย,วิทยาศาสตร์,ฟิสิกส์,กลุ่มไฟฟ้า,ไฟฟ้ากระแสตรง,เครื่องวัดปริมาณทางไฟฟ้า,การอ่านค่าจากเครื่องมือวัดปริมาณไฟฟ้าในวงจร
มัธยมปลาย,วิทยาศาสตร์,ฟิสิกส์,กลุ่มไฟฟ้า,ไฟฟ้ากระแสตรง,วงจรพิเศษ,การลัดวงจรและวงจรขาด
มัธยมปลาย,วิทยาศาสตร์,ฟิสิกส์,กลุ่มไฟฟ้า,ไฟฟ้ากระแสตรง,วงจรพิเศษ,วงจร Wheatstone bridge
มัธยมปลาย,วิทยาศาสตร์,ฟิสิกส์,กลุ่มไฟฟ้า,ไฟฟ้ากระแสตรง,วงจรพิเศษ,วงจรสมมาตร
มัธยมปลาย,วิทยาศาสตร์,ฟิสิกส์,กลุ่มไฟฟ้า,ไฟฟ้ากระแสตรง,วงจรพิเศษ,วงจร Delta/Star
มัธยมปลาย,วิทยาศาสตร์,ฟิสิกส์,กลุ่มไฟฟ้า,ไฟฟ้ากระแสตรง,วงจรพิเศษ,วงจรกระแสตรง RLC
มัธยมปลาย,วิทยาศาสตร์,ฟิสิกส์,กลุ่มไฟฟ้า,ไฟฟ้ากระแสตรง,วงจรพิเศษ,วงจรอนันต์
มัธยมปลาย,วิทยาศาสตร์,ฟิสิกส์,กลุ่มไฟฟ้า,ไฟฟ้ากระแสตรง,กฎของเคอร์ชอฟฟ์,"การวิเคราะห์วงจรไฟฟ้ากระแสตรงโดยใช้กฎของเคอร์ชอฟฟ์ (KVL,KCL)"
มัธยมปลาย,วิทยาศาสตร์,ฟิสิกส์,กลุ่มไฟฟ้า,ไฟฟ้ากระแสตรง,กำลังไฟฟ้า,พื้นฐานกำลังไฟฟ้าในไฟฟ้ากระแสตรง
มัธยมปลาย,วิทยาศาสตร์,ฟิสิกส์,กลุ่มไฟฟ้า,ไฟฟ้ากระแสตรง,กำลังไฟฟ้า,การหากำลังไฟฟ้ารวมในวงจรไฟฟ้ากระแสตรง
มัธยมปลาย,วิทยาศาสตร์,ฟิสิกส์,กลุ่มไฟฟ้า,ไฟฟ้ากระแสตรง,กำลังไฟฟ้า,เครื่องใช้ไฟฟ้า
มัธยมปลาย,วิทยาศาสตร์,ฟิสิกส์,กลุ่มไฟฟ้า,ไฟฟ้ากระแสตรง,กำลังไฟฟ้า,การคำนวนค่าไฟฟ้า
มัธยมปลาย,วิทยาศาสตร์,ฟิสิกส์,กลุ่มไฟฟ้า,ไฟฟ้ากระแสตรง,พลังงานทดแทนและเทคโนโลยี,พลังงานทดแทน
มัธยมปลาย,วิทยาศาสตร์,ฟิสิกส์,กลุ่มไฟฟ้า,ไฟฟ้ากระแสตรง,พลังงานทดแทนและเทคโนโลยี,เทคโนโลยีพลังงาน
มัธยมปลาย,วิทยาศาสตร์,ฟิสิกส์,กลุ่มไฟฟ้า,แม่เหล็กไฟฟ้า,แม่เหล็กถาวร,สนามแม่เหล็ก
มัธยมปลาย,วิทยาศาสตร์,ฟิสิกส์,กลุ่มไฟฟ้า,แม่เหล็กไฟฟ้า,แม่เหล็กถาวร,สนามแม่เหล็กโลก
มัธยมปลาย,วิทยาศาสตร์,ฟิสิกส์,กลุ่มไฟฟ้า,แม่เหล็กไฟฟ้า,แม่เหล็กถาวร,แรงระหว่างแท่งแม่เหล็ก
มัธยมปลาย,วิทยาศาสตร์,ฟิสิกส์,กลุ่มไฟฟ้า,แม่เหล็กไฟฟ้า,สนามแม่เหล็กชั่วคราวเนื่องจากกระแสไฟฟ้า,สนามแม่เหล็กจากลวดตรง
มัธยมปลาย,วิทยาศาสตร์,ฟิสิกส์,กลุ่มไฟฟ้า,แม่เหล็กไฟฟ้า,สนามแม่เหล็กชั่วคราวเนื่องจากกระแสไฟฟ้า,สนามแม่เหล็กจากลวดวงแหวน
มัธยมปลาย,วิทยาศาสตร์,ฟิสิกส์,กลุ่มไฟฟ้า,แม่เหล็กไฟฟ้า,สนามแม่เหล็กชั่วคราวเนื่องจากกระแสไฟฟ้า,สนามแม่เหล็กจากลวดโซเลนอยด์
มัธยมปลาย,วิทยาศาสตร์,ฟิสิกส์,กลุ่มไฟฟ้า,แม่เหล็กไฟฟ้า,ประจุไฟฟ้าในสนามแม่เหล็ก,แรงแม่เหล็กที่กระทำต่ออนุภาคที่มีประจุไฟฟ้า
มัธยมปลาย,วิทยาศาสตร์,ฟิสิกส์,กลุ่มไฟฟ้า,แม่เหล็กไฟฟ้า,ประจุไฟฟ้าในสนามแม่เหล็ก,การเคลื่อนที่ของประจุไฟฟ้าในสนามแม่เหล็ก
มัธยมปลาย,วิทยาศาสตร์,ฟิสิกส์,กลุ่มไฟฟ้า,แม่เหล็กไฟฟ้า,ลวดนำกระแสไฟฟ้าในสนามแม่เหล็ก,แรงแม่เหล็กที่กระทำต่อลวดนำกระแส
มัธยมปลาย,วิทยาศาสตร์,ฟิสิกส์,กลุ่มไฟฟ้า,แม่เหล็กไฟฟ้า,ลวดนำกระแสไฟฟ้าในสนามแม่เหล็ก,แรงแม่เหล็กที่กระทำต่อลวดคู่ขนาน
มัธยมปลาย,วิทยาศาสตร์,ฟิสิกส์,กลุ่มไฟฟ้า,แม่เหล็กไฟฟ้า,การเหนี่ยวนำแม่เหล็กไฟฟ้า,ฟลักซ์แม่เหล็ก
มัธยมปลาย,วิทยาศาสตร์,ฟิสิกส์,กลุ่มไฟฟ้า,แม่เหล็กไฟฟ้า,การเหนี่ยวนำแม่เหล็กไฟฟ้า,กฎของเลนซ์
มัธยมปลาย,วิทยาศาสตร์,ฟิสิกส์,กลุ่มไฟฟ้า,แม่เหล็กไฟฟ้า,การเหนี่ยวนำแม่เหล็กไฟฟ้า,กฎของฟาราเดย์
มัธยมปลาย,วิทยาศาสตร์,ฟิสิกส์,กลุ่มไฟฟ้า,แม่เหล็กไฟฟ้า,บทประยุกต์ของแม่เหล็กไฟฟ้า,โมเมนต์ของแรงคู่ควบของแรงแม่เหล็ก
มัธยมปลาย,วิทยาศาสตร์,ฟิสิกส์,กลุ่มไฟฟ้า,แม่เหล็กไฟฟ้า,บทประยุกต์ของแม่เหล็กไฟฟ้า,หลักการทำงานของแกลแวนอมิเตอร์
มัธยมปลาย,วิทยาศาสตร์,ฟิสิกส์,กลุ่มไฟฟ้า,แม่เหล็กไฟฟ้า,บทประยุกต์ของแม่เหล็กไฟฟ้า,มอเตอร์ไฟฟ้ากระแสตรง
มัธยมปลาย,วิทยาศาสตร์,ฟิสิกส์,กลุ่มไฟฟ้า,แม่เหล็กไฟฟ้า,บทประยุกต์ของแม่เหล็กไฟฟ้า,เครื่องกำเนิดไฟฟ้า
มัธยมปลาย,วิทยาศาสตร์,ฟิสิกส์,กลุ่มไฟฟ้า,แม่เหล็กไฟฟ้า,บทประยุกต์ของแม่เหล็กไฟฟ้า,แบลลัสต์แบบขดลวดของหลอดฟลูออเรสเซนต์
มัธยมปลาย,วิทยาศาสตร์,ฟิสิกส์,กลุ่มไฟฟ้า,แม่เหล็กไฟฟ้า,บทประยุกต์ของแม่เหล็กไฟฟ้า,การเกิดอีเอ็มเอฟกลับของมอเตอร์ไฟฟ้า
มัธยมปลาย,วิทยาศาสตร์,ฟิสิกส์,กลุ่มไฟฟ้า,แม่เหล็กไฟฟ้า,บทประยุกต์ของแม่เหล็กไฟฟ้า,มอเตอร์ไฟฟ้าเหนี่ยวนำและกีตาร์ไฟฟ้า
มัธยมปลาย,วิทยาศาสตร์,ฟิสิกส์,กลุ่มไฟฟ้า,แม่เหล็กไฟฟ้า,บทประยุกต์ของแม่เหล็กไฟฟ้า,หม้อแปลง
มัธยมปลาย,วิทยาศาสตร์,ฟิสิกส์,กลุ่มไฟฟ้า,ไฟฟ้ากระแสสลับ,พื้นฐานไฟฟ้ากระแสสลับ,สมการของกระแสไฟฟ้าของวงจรกระแสสลับ
มัธยมปลาย,วิทยาศาสตร์,ฟิสิกส์,กลุ่มไฟฟ้า,ไฟฟ้ากระแสสลับ,พื้นฐานไฟฟ้ากระแสสลับ,สมการของความต่างศักย์ของวงจรกระแสสลับ
มัธยมปลาย,วิทยาศาสตร์,ฟิสิกส์,กลุ่มไฟฟ้า,ไฟฟ้ากระแสสลับ,พื้นฐานไฟฟ้ากระแสสลับ,ค่าอาร์เอ็มเอสและค่ายังผล
มัธยมปลาย,วิทยาศาสตร์,ฟิสิกส์,กลุ่มไฟฟ้า,ไฟฟ้ากระแสสลับ,การวิเคราะห์วงจรไฟฟ้ากระแสสลับ,การวิเคราะห์วงจรกระแสสลับที่มีเฉพาะตัวต้านทาน
มัธยมปลาย,วิทยาศาสตร์,ฟิสิกส์,กลุ่มไฟฟ้า,ไฟฟ้ากระแสสลับ,การวิเคราะห์วงจรไฟฟ้ากระแสสลับ,การวิเคราะห์วงจรกระแสสลับ RLC
มัธยมปลาย,วิทยาศาสตร์,ฟิสิกส์,กลุ่มไฟฟ้า,ไฟฟ้ากระแสสลับ,การวิเคราะห์วงจรไฟฟ้ากระแสสลับ,แผนภาพเฟเซอร์
มัธยมปลาย,วิทยาศาสตร์,ฟิสิกส์,กลุ่มไฟฟ้า,ไฟฟ้ากระแสสลับ,บทประยุกต์ไฟฟ้ากระแสสลับ,กำลังไฟฟ้ากระแสสลับ
มัธยมปลาย,วิทยาศาสตร์,ฟิสิกส์,กลุ่มไฟฟ้า,ไฟฟ้ากระแสสลับ,บทประยุกต์ไฟฟ้ากระแสสลับ,การส่งกำลังไฟฟ้า
มัธยมปลาย,วิทยาศาสตร์,ฟิสิกส์,กลุ่มไฟฟ้า,ไฟฟ้ากระแสสลับ,บทประยุกต์ไฟฟ้ากระแสสลับ,ระบบไฟฟ้า 3 เฟส
มัธยมปลาย,วิทยาศาสตร์,ฟิสิกส์,กลุ่มไฟฟ้า,ไฟฟ้ากระแสสลับ,บทประยุกต์ไฟฟ้ากระแสสลับ,วงจรเรโซแนนซ์
มัธยมปลาย,วิทยาศาสตร์,ฟิสิกส์,กลุ่มไฟฟ้า,ไฟฟ้ากระแสสลับ,บทประยุกต์ไฟฟ้ากระแสสลับ,วงจรแปลงไฟ
มัธยมปลาย,วิทยาศาสตร์,ฟิสิกส์,กลุ่มฟิสิกส์ยุคใหม่,คลื่นแม่เหล็กไฟฟ้า,การเกิดและลักษณะของคลื่นแม่เหล็กไฟฟ้า,พื้นฐานคลื่นแม่เหล็กไฟฟ้า
มัธยมปลาย,วิทยาศาสตร์,ฟิสิกส์,กลุ่มฟิสิกส์ยุคใหม่,คลื่นแม่เหล็กไฟฟ้า,การเกิดและลักษณะของคลื่นแม่เหล็กไฟฟ้า,อัตราเร็วและพลังงานของคลื่นแม่เหล็กไฟฟ้า
มัธยมปลาย,วิทยาศาสตร์,ฟิสิกส์,กลุ่มฟิสิกส์ยุคใหม่,คลื่นแม่เหล็กไฟฟ้า,การเกิดและลักษณะของคลื่นแม่เหล็กไฟฟ้า,สเปกตรัมของคลื่นแม่เหล็กไฟฟ้า
มัธยมปลาย,วิทยาศาสตร์,ฟิสิกส์,กลุ่มฟิสิกส์ยุคใหม่,คลื่นแม่เหล็กไฟฟ้า,การเกิดและลักษณะของคลื่นแม่เหล็กไฟฟ้า,การสร้างและรับสัญญาณ
มัธยมปลาย,วิทยาศาสตร์,ฟิสิกส์,กลุ่มฟิสิกส์ยุคใหม่,คลื่นแม่เหล็กไฟฟ้า,โพลาไรเซชันของคลื่นแม่เหล็กไฟฟ้า,โพลาไรเซชันโดยใช้แผ่นโพลารอยด์
มัธยมปลาย,วิทยาศาสตร์,ฟิสิกส์,กลุ่มฟิสิกส์ยุคใหม่,คลื่นแม่เหล็กไฟฟ้า,โพลาไรเซชันของคลื่นแม่เหล็กไฟฟ้า,โพลาไรเซชันโดยใช้การสะท้อน
มัธยมปลาย,วิทยาศาสตร์,ฟิสิกส์,กลุ่มฟิสิกส์ยุคใหม่,คลื่นแม่เหล็กไฟฟ้า,การประยุกต์ใช้คลื่นแม่เหล็กไฟฟ้า,การประยุกต์ใช้คลื่นแม่เหล็กไฟฟ้า
มัธยมปลาย,วิทยาศาสตร์,ฟิสิกส์,กลุ่มฟิสิกส์ยุคใหม่,คลื่นแม่เหล็กไฟฟ้า,การสื่อสารโดยอาศัยคลื่นแม่เหล็กไฟฟ้า,การสื่อสารโดยอาศัยคลื่นแม่เหล็กไฟฟ้า
มัธยมปลาย,วิทยาศาสตร์,ฟิสิกส์,กลุ่มฟิสิกส์ยุคใหม่,ฟิสิกส์อะตอม,สมมติฐานของพลังค์,การแผ่รังสีของวัตถุ
มัธยมปลาย,วิทยาศาสตร์,ฟิสิกส์,กลุ่มฟิสิกส์ยุคใหม่,ฟิสิกส์อะตอม,สมมติฐานของพลังค์,ควอนตัมของพลังงาน
มัธยมปลาย,วิทยาศาสตร์,ฟิสิกส์,กลุ่มฟิสิกส์ยุคใหม่,ฟิสิกส์อะตอม,พัฒนาการแบบจำลองอะตอม,พัฒนาการแบบจำลองอะตอม
มัธยมปลาย,วิทยาศาสตร์,ฟิสิกส์,กลุ่มฟิสิกส์ยุคใหม่,ฟิสิกส์อะตอม,ทฤษฎีอะตอมของโบร์,โมเมนตัมเชิงมุมของอิเล็กตรอนในอะตอมไฮโดรเจน
มัธยมปลาย,วิทยาศาสตร์,ฟิสิกส์,กลุ่มฟิสิกส์ยุคใหม่,ฟิสิกส์อะตอม,ทฤษฎีอะตอมของโบร์,ระดับพลังงานของอิเล็กตรอนในอะตอมไฮโดรเจน
มัธยมปลาย,วิทยาศาสตร์,ฟิสิกส์,กลุ่มฟิสิกส์ยุคใหม่,ฟิสิกส์อะตอม,ทฤษฎีอะตอมของโบร์,รัศมีโคจรของอิเล็กตรอนในอะตอมไฮโดรเจน
มัธยมปลาย,วิทยาศาสตร์,ฟิสิกส์,กลุ่มฟิสิกส์ยุคใหม่,ฟิสิกส์อะตอม,ทฤษฎีอะตอมของโบร์,อัตราเร็วของอิเล็กตรอนในอะตอมไฮโดรเจน
มัธยมปลาย,วิทยาศาสตร์,ฟิสิกส์,กลุ่มฟิสิกส์ยุคใหม่,ฟิสิกส์อะตอม,ทฤษฎีอะตอมของโบร์,สเปกตรัมดูดกลืนและปลดปล่อย
มัธยมปลาย,วิทยาศาสตร์,ฟิสิกส์,กลุ่มฟิสิกส์ยุคใหม่,ฟิสิกส์อะตอม,ทฤษฎีอะตอมของโบร์,อนุกรมสเปกตรัมของไฮโดรเจน
มัธยมปลาย,วิทยาศาสตร์,ฟิสิกส์,กลุ่มฟิสิกส์ยุคใหม่,ฟิสิกส์อะตอม,ทฤษฎีอะตอมของโบร์,การทดลองของฟรังก์และเฮิรตซ์
มัธยมปลาย,วิทยาศาสตร์,ฟิสิกส์,กลุ่มฟิสิกส์ยุคใหม่,ฟิสิกส์อะตอม,ทวิภาวะของคลื่นและอนุภาค,ปรากฏการณ์โฟโตอิเล็กทริก
มัธยมปลาย,วิทยาศาสตร์,ฟิสิกส์,กลุ่มฟิสิกส์ยุคใหม่,ฟิสิกส์อะตอม,ทวิภาวะของคลื่นและอนุภาค,สมมติฐานของเดอบรอยล์
มัธยมปลาย,วิทยาศาสตร์,ฟิสิกส์,กลุ่มฟิสิกส์ยุคใหม่,ฟิสิกส์อะตอม,ทวิภาวะของคลื่นและอนุภาค,ปรากฏการณ์คอมป์ตัน
มัธยมปลาย,วิทยาศาสตร์,ฟิสิกส์,กลุ่มฟิสิกส์ยุคใหม่,ฟิสิกส์อะตอม,ทวิภาวะของคลื่นและอนุภาค,กลศาสตร์ควอนตัมและการนำไปประยุกต์ใช้ประโยชน์
มัธยมปลาย,วิทยาศาสตร์,ฟิสิกส์,กลุ่มฟิสิกส์ยุคใหม่,ฟิสิกส์นิวเคลียร์และฟิสิกส์อนุภาค,สัญลักษณ์นิวเคลียร์,นิวไคลด์
มัธยมปลาย,วิทยาศาสตร์,ฟิสิกส์,กลุ่มฟิสิกส์ยุคใหม่,ฟิสิกส์นิวเคลียร์และฟิสิกส์อนุภาค,สัญลักษณ์นิวเคลียร์,อนุภาคที่เกี่ยวกับปฏิกิริยานิวเคลียร์
มัธยมปลาย,วิทยาศาสตร์,ฟิสิกส์,กลุ่มฟิสิกส์ยุคใหม่,ฟิสิกส์นิวเคลียร์และฟิสิกส์อนุภาค,ปฏิกิริยานิวเคลียร์,การดุลสมการนิวเคลียร์
มัธยมปลาย,วิทยาศาสตร์,ฟิสิกส์,กลุ่มฟิสิกส์ยุคใหม่,ฟิสิกส์นิวเคลียร์และฟิสิกส์อนุภาค,ปฏิกิริยานิวเคลียร์,การสลายตัวให้อนุภาคแอลฟา บีตา และแกมมา
มัธยมปลาย,วิทยาศาสตร์,ฟิสิกส์,กลุ่มฟิสิกส์ยุคใหม่,ฟิสิกส์นิวเคลียร์และฟิสิกส์อนุภาค,ปฏิกิริยานิวเคลียร์,การแยกไอโซโทปด้วย Mass Spectrometer
มัธยมปลาย,วิทยาศาสตร์,ฟิสิกส์,กลุ่มฟิสิกส์ยุคใหม่,ฟิสิกส์นิวเคลียร์และฟิสิกส์อนุภาค,ปฏิกิริยานิวเคลียร์,ปฏิกิริยานิวเคลียร์ฟิชชันและฟิวชัน
มัธยมปลาย,วิทยาศาสตร์,ฟิสิกส์,กลุ่มฟิสิกส์ยุคใหม่,ฟิสิกส์นิวเคลียร์และฟิสิกส์อนุภาค,กัมมันตภาพรังสี,อัตราการสลาย
มัธยมปลาย,วิทยาศาสตร์,ฟิสิกส์,กลุ่มฟิสิกส์ยุคใหม่,ฟิสิกส์นิวเคลียร์และฟิสิกส์อนุภาค,กัมมันตภาพรังสี,ครึ่งชีวิต
มัธยมปลาย,วิทยาศาสตร์,ฟิสิกส์,กลุ่มฟิสิกส์ยุคใหม่,ฟิสิกส์นิวเคลียร์และฟิสิกส์อนุภาค,เสถียรภาพของนิวเคลียส,พลังงานยึดเหนี่ยว
มัธยมปลาย,วิทยาศาสตร์,ฟิสิกส์,กลุ่มฟิสิกส์ยุคใหม่,ฟิสิกส์นิวเคลียร์และฟิสิกส์อนุภาค,เสถียรภาพของนิวเคลียส,พลังงานในปฏิกิริยานิวเคลียร์
มัธยมปลาย,วิทยาศาสตร์,ฟิสิกส์,กลุ่มฟิสิกส์ยุคใหม่,ฟิสิกส์นิวเคลียร์และฟิสิกส์อนุภาค,เสถียรภาพของนิวเคลียส,การหาขนาดนิวเคลียส
มัธยมปลาย,วิทยาศาสตร์,ฟิสิกส์,กลุ่มฟิสิกส์ยุคใหม่,ฟิสิกส์นิวเคลียร์และฟิสิกส์อนุภาค,ประโยชน์และการป้องกันอันตรายจากรังสี,การนำกันมมันตรังสีไปใช้ประโยชน์
มัธยมปลาย,วิทยาศาสตร์,ฟิสิกส์,กลุ่มฟิสิกส์ยุคใหม่,ฟิสิกส์นิวเคลียร์และฟิสิกส์อนุภาค,ประโยชน์และการป้องกันอันตรายจากรังสี,รังสีในธรรมชาติและการป้องกันอันตรายจากรังสี
มัธยมปลาย,วิทยาศาสตร์,ฟิสิกส์,กลุ่มฟิสิกส์ยุคใหม่,ฟิสิกส์นิวเคลียร์และฟิสิกส์อนุภาค,ฟิสิกส์อนุภาค,แบบจำลองมาตรฐาน
มัธยมปลาย,วิทยาศาสตร์,ฟิสิกส์,กลุ่มฟิสิกส์ยุคใหม่,ฟิสิกส์นิวเคลียร์และฟิสิกส์อนุภาค,ฟิสิกส์อนุภาค,ประโยชน์จากการค้นคว้าวิจัยด้านฟิสิกส์อนุภาค